,title,link,like,comment
0,"The newest version of ChatGPT passed the US medical licensing exam with flying colors — and diagnosed a 1 in 100,000 condition in seconds",https://www.reddit.com/r/technology/comments/12ewvo1/the_newest_version_of_chatgpt_passed_the_us/,45.1k,2.9k
1,Unfiltered ChatGPT opinion about Reddit,https://www.reddit.com/r/ChatGPT/comments/12ed85v/unfiltered_chatgpt_opinion_about_reddit/,31.8k,1.4k
2,A guy on Tinder used ChatGPT on me,https://www.reddit.com/r/ChatGPT/comments/128sm4x/a_guy_on_tinder_used_chatgpt_on_me/,15.4k,1.3k
3,"Once you know ChatGPT and how it talks, you see it everywhere",https://www.reddit.com/r/ChatGPT/comments/12bq4w0/once_you_know_chatgpt_and_how_it_talks_you_see_it/,17.6k,1.0k
4,Stop treating ChatGPT like it knows anything.,https://www.reddit.com/r/Futurology/comments/110sa94/stop_treating_chatgpt_like_it_knows_anything/,24.4k,3.2k
5,"Ever since the boom of ChatGPT my teacher has been scanning for AI written material. She emailed me saying my CAR essay came back as 100% written by AI (It wasn’t) and informed me that my mark would be replaced with a 0. I asked her to send me the software she used, she agreed and I gave it a try…",https://www.reddit.com/r/ChatGPT/comments/11gdlh6/ever_since_the_boom_of_chatgpt_my_teacher_has/,7.0k,748
6,Well that escalated quickly ChatGPT,https://www.reddit.com/r/ProgrammerHumor/comments/11aki4z/well_that_escalated_quickly_chatgpt/,36.0k,624
7,What is THE most mind blowing thing ChatGPT can currently do?,https://www.reddit.com/r/ChatGPT/comments/zxsjoo/what_is_the_most_mind_blowing_thing_chatgpt_can/,626,442
8,"ChatGPT is now writing college essays, and higher ed has a big problem",https://www.reddit.com/r/technology/comments/12ok8jw/chatgpt_is_now_writing_college_essays_and_higher/,23.8k,3.2k
9,"If things keep going the way they are, ChatGPT will be reduced to just telling us to Google things because it's too afraid to be liable for anything or offend anyone.",https://www.reddit.com/r/ChatGPT/comments/12w3wct/if_things_keep_going_the_way_they_are_chatgpt/,16.2k,2.2k
10,I delivered a presentation completely generated by ChatGPT in a master's course program and got the full mark. I'm alarmingly concerned about the future of higher education,https://www.reddit.com/r/ChatGPT/comments/12o4qaw/i_delivered_a_presentation_completely_generated/,20.5k,2.1k
11,Imagine someone failing their class because of this reliable ChatGPT detector...,https://www.reddit.com/r/facepalm/comments/12r7i05/imagine_someone_failing_their_class_because_of/,50.2k,1.3k
12,This is what ChatGPT considers the most notable thing about each country in Europe [OC],https://www.reddit.com/r/MapPorn/comments/12v1uu2/this_is_what_chatgpt_considers_the_most_notable/,17.4k,1.5k
13,I asked ChatGPT to rewrite the Declaration of Independence with todays grievences,https://www.reddit.com/r/ChatGPT/comments/12ktb1h/i_asked_chatgpt_to_rewrite_the_declaration_of/,8.3k,2.7k
14,ChatGPT got castrated as an AI lawyer :(,https://www.reddit.com/r/ChatGPT/comments/12v78kb/chatgpt_got_castrated_as_an_ai_lawyer/,7.2k,1.4k
15,"ChatGPT just aced my final exams, wrote my WHOLE quantum physics PhD dissertation, and landed me a six-figure CEO position - without breaking a sweat!",https://www.reddit.com/r/ChatGPT/comments/12t3pfs/chatgpt_just_aced_my_final_exams_wrote_my_whole/,12.2k,1.2k
16,"AI systems like ChatGPT could impact 300 million full-time jobs worldwide, with administrative and legal roles some of the most at risk, Goldman Sachs report says",https://www.reddit.com/r/Futurology/comments/124o5st/ai_systems_like_chatgpt_could_impact_300_million/,22.2k,3.0k
17,My teacher has falsely accused me of using ChatGPT to use an assignment.,https://www.reddit.com/r/ChatGPT/comments/12ppt5w/my_teacher_has_falsely_accused_me_of_using/,4.8k,1.3k
18,"‘Overemployed’ Hustlers Exploit ChatGPT To Take On Even More Full-Time Jobs - ""ChatGPT does like 80 percent of my job,"" said one worker. Another is holding the line at four robot-performed jobs. ""Five would be overkill,""",https://www.reddit.com/r/technology/comments/12m5um2/overemployed_hustlers_exploit_chatgpt_to_take_on/,10.2k,1.2k
19,Chatgpt Helped me pass an exam with 94% despite never attending or watching a class.,https://www.reddit.com/r/ChatGPT/comments/12q2b0e/chatgpt_helped_me_pass_an_exam_with_94_despite/,8.7k,953
20,Obsessed with this game right now. You chat with a partner and figure out if they're a human or ChatGPT pretending to be a human,https://www.reddit.com/r/ChatGPT/comments/12s6de9/obsessed_with_this_game_right_now_you_chat_with_a/,5.5k,854
21,I asked ChatGPT to create the 10 commandments based on modern times.,https://www.reddit.com/r/ChatGPT/comments/12nf1hf/i_asked_chatgpt_to_create_the_10_commandments/,4.6k,1.2k
22,"Stanford creates Sims-like game filled with NPC's powered by ChatGPT AI. The result were NPC's that acted completely independently, had rich conversations with each other, they even planned a party.",https://www.reddit.com/r/gaming/comments/12i83ql/stanford_creates_simslike_game_filled_with_npcs/,10.7k,721
23,How Academia Can Actually Solve ChatGPT Detection,https://www.reddit.com/r/ChatGPT/comments/12tnilw/how_academia_can_actually_solve_chatgpt_detection/,2.3k,761
24,Who Asked for This: Pharma Bro Martin Shkreli Releases Medical ChatGPT Knockoff | Shkreli says his Dr. Gupta ChatGPT knockoff could one day replace all healthcare information. It currently seems like an ethical and privacy nightmare,https://www.reddit.com/r/technology/comments/12ueuzz/who_asked_for_this_pharma_bro_martin_shkreli/,4.1k,553
